timestamp,pair,longAccount,shortAccount,longShortRatio,sumOpenInterest,OI-%chg,close,volume,symbol,fundingRate
2022-12-08 09:00:00,BTCUSD,0.6959,0.3041,2.2884,3484383,0.00274678284287688,16810.7,86389,BTCUSD_PERP,-0.00000523
2022-12-08 08:00:00,BTCUSD,0.6971,0.3029,2.3014,3493967,-0.00140282845548612,16830.1,113764,BTCUSD_PERP,-0.00000523
2022-12-08 07:00:00,BTCUSD,0.6971,0.3029,2.3014,3489069,-0.00259143782918869,16819.5,211793,BTCUSD_PERP,-0.00000523
2022-12-08 06:00:00,BTCUSD,0.6964,0.3036,2.2938,3480039,0.00100695282666052,16798.7,150184,BTCUSD_PERP,-0.00000523
2022-12-08 05:00:00,BTCUSD,0.6975,0.3025,2.3058,3483545,-0.00162092749534892,16815,134970,BTCUSD_PERP,-0.00000523
2022-12-08 04:00:00,BTCUSD,0.6985,0.3015,2.3167,3477903,-0.000646000056979901,16807.5,170406,BTCUSD_PERP,-0.00000523
2022-12-08 03:00:00,BTCUSD,0.6962,0.3038,2.2916,3475657,0.00603499675228925,16825.8,146205,BTCUSD_PERP,-0.00000523
2022-12-08 02:00:00,BTCUSD,0.6962,0.3038,2.2916,3496696,0.000464902314556426,16836.5,283742,BTCUSD_PERP,-0.00000523
2022-12-08 01:00:00,BTCUSD,0.6987,0.3013,2.319,3498322,0.00100597637253941,16821.8,280750,BTCUSD_PERP,-0.00002246
2022-12-08 00:00:00,BTCUSD,0.6983,0.3017,2.3146,3501843,-0.00187448390832223,16805.8,272314,BTCUSD_PERP,-0.00002246
2022-12-07 23:00:00,BTCUSD,0.698,0.302,2.3113,3495285,0.00475965350207908,16826,193150,BTCUSD_PERP,-0.00002246
2022-12-07 22:00:00,BTCUSD,0.6979,0.3021,2.3102,3511961,-0.00381911402524437,16837.6,227924,BTCUSD_PERP,-0.00002246
2022-12-07 21:00:00,BTCUSD,0.6993,0.3007,2.3256,3498574,0.0018855615958735,16824.9,197092,BTCUSD_PERP,-0.00002246
2022-12-07 20:00:00,BTCUSD,0.6997,0.3003,2.33,3505177,-0.00295514036391964,16816,142969,BTCUSD_PERP,-0.00002246
2022-12-07 19:00:00,BTCUSD,0.7006,0.2994,2.34,3494834,0.00385369257483426,16809.9,170803,BTCUSD_PERP,-0.00002246
2022-12-07 18:00:00,BTCUSD,0.6998,0.3002,2.3311,3508328,-0.00164686853418594,16780,169683,BTCUSD_PERP,-0.00002246
2022-12-07 17:00:00,BTCUSD,0.6994,0.3006,2.3267,3502555,-0.00339127243366555,16795.7,231271,BTCUSD_PERP,-0.00003724
2022-12-07 16:00:00,BTCUSD,0.6993,0.3007,2.3256,3490697,-0.00040659171975399,16804,317630,BTCUSD_PERP,-0.00003724
2022-12-07 15:00:00,BTCUSD,0.6988,0.3012,2.3201,3489278,0.000287697220720418,16831.5,423322,BTCUSD_PERP,-0.00003724
2022-12-07 14:00:00,BTCUSD,0.6996,0.3004,2.3289,3490282,-0.0011254705817958,16833.6,410134,BTCUSD_PERP,-0.00003724
2022-12-07 13:00:00,BTCUSD,0.6981,0.3019,2.3124,3486356,-0.000849958801483197,16851.9,489153,BTCUSD_PERP,-0.00003724
2022-12-07 12:00:00,BTCUSD,0.6986,0.3014,2.3179,3483394,0.00565802699227902,16785,257886,BTCUSD_PERP,-0.00003724
2022-12-07 11:00:00,BTCUSD,0.6975,0.3025,2.3058,3503159,0.01167780356454,16787.5,309284,BTCUSD_PERP,-0.00003724
2022-12-07 10:00:00,BTCUSD,0.6987,0.3013,2.319,3544308,-0.00584753880845668,16818.6,302604,BTCUSD_PERP,-0.00003724
2022-12-07 09:00:00,BTCUSD,0.6976,0.3024,2.3069,3523643,-0.00095287723016213,16827.3,363037,BTCUSD_PERP,-0.00003385
2022-12-07 08:00:00,BTCUSD,0.694,0.306,2.268,3520287,-0.013572408899158,16788,718304,BTCUSD_PERP,-0.00003385
2022-12-07 07:00:00,BTCUSD,0.6912,0.3088,2.2383,3472831,-0.0028989543788871,16759.5,1940269,BTCUSD_PERP,-0.00003385
2022-12-07 06:00:00,BTCUSD,0.6928,0.3072,2.2552,3462778,0.00335841623508415,16944.7,364679,BTCUSD_PERP,-0.00003385
2022-12-07 05:00:00,BTCUSD,0.6916,0.3084,2.2425,3474427,-0.00164248205480178,16999.8,251401,BTCUSD_PERP,-0.00003385
2022-12-07 04:00:00,BTCUSD,0.6933,0.3067,2.2605,3468725,0.000159700110053507,17033.9,181554,BTCUSD_PERP,-0.00003385
2022-12-07 03:00:00,BTCUSD,0.6947,0.3053,2.2755,3469279,0.000372630482978309,17022.2,137863,BTCUSD_PERP,-0.00003385
2022-12-07 02:00:00,BTCUSD,0.6949,0.3051,2.2776,3470572,0.00341348849376466,17047.1,168710,BTCUSD_PERP,-0.00003385
2022-12-07 01:00:00,BTCUSD,0.6968,0.3032,2.2982,3482439,0.00408046455069666,17036,331405,BTCUSD_PERP,0.00003786
2022-12-07 00:00:00,BTCUSD,0.6912,0.3088,2.2383,3496678,-0.00501185488318967,17060.4,421969,BTCUSD_PERP,0.00003786
2022-12-06 23:00:00,BTCUSD,0.6918,0.3082,2.2446,3479197,0.000179335648125445,17081,865431,BTCUSD_PERP,0.00003786
2022-12-06 22:00:00,BTCUSD,0.6922,0.3078,2.2489,3479821,-0.000970923409413516,16969.8,165089,BTCUSD_PERP,0.00003786
2022-12-06 21:00:00,BTCUSD,0.6916,0.3084,2.2425,3476444,0.00128870535161418,16988.9,215123,BTCUSD_PERP,0.00003786
2022-12-06 20:00:00,BTCUSD,0.6918,0.3082,2.2446,3480927,-0.000253987592175875,16987.4,223708,BTCUSD_PERP,0.00003786
2022-12-06 19:00:00,BTCUSD,0.6924,0.3076,2.251,3480043,0.00235524108155438,16964.1,334663,BTCUSD_PERP,0.00003786
2022-12-06 18:00:00,BTCUSD,0.6941,0.3059,2.269,3488249,-0.00520985109700867,16969.1,533672,BTCUSD_PERP,0.00003786
2022-12-06 17:00:00,BTCUSD,0.6946,0.3054,2.2744,3470123,-0.000377579506588788,16952.8,378451,BTCUSD_PERP,0.00002375
2022-12-06 16:00:00,BTCUSD,0.694,0.306,2.268,3468813,0.00378519067330885,16978.4,338383,BTCUSD_PERP,0.00002375
2022-12-06 15:00:00,BTCUSD,0.6939,0.3061,2.2669,3481968,0.00243187056254435,16976.2,822179,BTCUSD_PERP,0.00002375
2022-12-06 14:00:00,BTCUSD,0.6941,0.3059,2.269,3490446,0.00164313829365881,16968.2,437834,BTCUSD_PERP,0.00002375
2022-12-06 13:00:00,BTCUSD,0.6964,0.3036,2.2938,3496186,-0.00458490802068923,16977.7,280489,BTCUSD_PERP,0.00002375
2022-12-06 12:00:00,BTCUSD,0.6951,0.3049,2.2798,3480193,0.000227260419725539,16987.5,270140,BTCUSD_PERP,0.00002375
2022-12-06 11:00:00,BTCUSD,0.6943,0.3057,2.2712,3480984,0.00111400662238381,16975.9,456847,BTCUSD_PERP,0.00002375
2022-12-06 10:00:00,BTCUSD,0.6961,0.3039,2.2906,3484864,0.000469061797522485,16961.8,386977,BTCUSD_PERP,0.00002375
2022-12-06 09:00:00,BTCUSD,0.6948,0.3052,2.2765,3486499,-0.00116890351489118,16969.6,208781,BTCUSD_PERP,0.00000036
2022-12-06 08:00:00,BTCUSD,0.6949,0.3051,2.2776,3482426,0.00201781910565657,17031.2,287371,BTCUSD_PERP,0.00000036
2022-12-06 07:00:00,BTCUSD,0.6955,0.3045,2.2841,3489460,-0.00584546044335355,17000,136000,BTCUSD_PERP,0.00000036
2022-12-06 06:00:00,BTCUSD,0.6952,0.3048,2.2808,3469122,0.00687088122779933,16992.6,232559,BTCUSD_PERP,0.00000036
2022-12-06 05:00:00,BTCUSD,0.6936,0.3064,2.2637,3493040,0.00161533802103442,16972.7,224692,BTCUSD_PERP,0.00000036
2022-12-06 04:00:00,BTCUSD,0.694,0.306,2.268,3498687,-0.000117193685852612,16999.9,268653,BTCUSD_PERP,0.00000036
2022-12-06 03:00:00,BTCUSD,0.6956,0.3044,2.2852,3498277,0.0343755489090967,16997.7,242031,BTCUSD_PERP,0.00000036
2022-12-06 02:00:00,BTCUSD,0.6945,0.3055,2.2733,3620623,0.0015857617075028,17026,439734,BTCUSD_PERP,0.00000036
2022-12-06 01:00:00,BTCUSD,0.6931,0.3069,2.2584,3626369,0.00623772799489863,17025.8,449767,BTCUSD_PERP,-0.00006046
2022-12-06 00:00:00,BTCUSD,0.6915,0.3085,2.2415,3649060,-0.00135414165026049,17035.2,290510,BTCUSD_PERP,-0.00006046
2022-12-05 23:00:00,BTCUSD,0.6899,0.3101,2.2248,3644122,0.00103592689537635,16958.8,289557,BTCUSD_PERP,-0.00006046
2022-12-05 22:00:00,BTCUSD,0.6878,0.3122,2.2031,3647899,0.000917093778678435,16937.1,177927,BTCUSD_PERP,-0.00006046
2022-12-05 21:00:00,BTCUSD,0.6864,0.3136,2.1888,3651246,-0.00156397656806284,16965.6,172042,BTCUSD_PERP,-0.00006046
2022-12-05 20:00:00,BTCUSD,0.6856,0.3144,2.1807,3645540,0.00620529948549375,16935.5,282727,BTCUSD_PERP,-0.00006046
2022-12-05 19:00:00,BTCUSD,0.6828,0.3172,2.1526,3668232,-0.000367819731581065,16918.1,1143201,BTCUSD_PERP,-0.00006046
2022-12-05 18:00:00,BTCUSD,0.6831,0.3169,2.1556,3666883,-0.00870481127533829,17038.2,473364,BTCUSD_PERP,-0.00006046
2022-12-05 17:00:00,BTCUSD,0.6829,0.3171,2.1536,3635102,-0.00167067395527631,17049.1,494233,BTCUSD_PERP,0.00002635
2022-12-05 16:00:00,BTCUSD,0.6788,0.3212,2.1133,3629034,0.00822858153996719,17033.7,742993,BTCUSD_PERP,0.00002635
2022-12-05 15:00:00,BTCUSD,0.6759,0.3241,2.0855,3659019,0.0449882913261348,17075.2,1576523,BTCUSD_PERP,0.00002635
2022-12-05 14:00:00,BTCUSD,0.675,0.325,2.0769,3827391,0.00079448160730955,17196.5,773518,BTCUSD_PERP,0.00002635
2022-12-05 13:00:00,BTCUSD,0.6758,0.3242,2.0845,3830433,0.0037551783302554,17224.8,326998,BTCUSD_PERP,0.00002635
2022-12-05 12:00:00,BTCUSD,0.6761,0.3239,2.0874,3844844,-0.00212848773057317,17252.7,330157,BTCUSD_PERP,0.00002635
2022-12-05 11:00:00,BTCUSD,0.6781,0.3219,2.1066,3836669,0.00560424604196008,17308.4,128038,BTCUSD_PERP,0.00002635
2022-12-05 10:00:00,BTCUSD,0.6777,0.3223,2.1027,3858231,-0.00539471121632396,17293.7,256510,BTCUSD_PERP,0.00002635
2022-12-05 09:00:00,BTCUSD,0.68,0.32,2.125,3837473,0.000653341612782299,17299.8,450130,BTCUSD_PERP,0.0001
2022-12-05 08:00:00,BTCUSD,0.6845,0.3155,2.1696,3839981,-0.00478358213622165,17354,665148,BTCUSD_PERP,0.0001
2022-12-05 07:00:00,BTCUSD,0.6841,0.3159,2.1656,3821656,0.00246839271014743,17307.3,295709,BTCUSD_PERP,0.0001
2022-12-05 06:00:00,BTCUSD,0.6845,0.3155,2.1696,3831101,-0.0137544633010318,17303,284176,BTCUSD_PERP,0.0001
2022-12-05 05:00:00,BTCUSD,0.6873,0.3127,2.198,3778767,-0.0342361721779909,17339.2,688511,BTCUSD_PERP,0.0001
2022-12-05 04:00:00,BTCUSD,0.6832,0.3168,2.1566,3651586,0.0158573447646262,17362.1,1215700,BTCUSD_PERP,0.0001
2022-12-05 03:00:00,BTCUSD,0.6849,0.3151,2.1736,3709952,-0.00877597582570822,17194.7,460861,BTCUSD_PERP,0.0001
2022-12-05 02:00:00,BTCUSD,0.6856,0.3144,2.1807,3677536,-0.0357512377619464,17244.4,639109,BTCUSD_PERP,0.0001
2022-12-05 01:00:00,BTCUSD,0.6848,0.3152,2.1726,3548382,-0.0236489420404897,17269.2,695233,BTCUSD_PERP,0.00000133
2022-12-05 00:00:00,BTCUSD,0.6821,0.3179,2.1456,3465451,-0.00607680092010199,17213.5,1344459,BTCUSD_PERP,0.00000133
2022-12-04 23:00:00,BTCUSD,0.6838,0.3162,2.1626,3444456,0.00132936959828633,17107.4,657847,BTCUSD_PERP,0.00000133
2022-12-04 22:00:00,BTCUSD,0.6833,0.3167,2.1576,3449038,-5.88587235696991E-05,17099.8,204570,BTCUSD_PERP,0.00000133
2022-12-04 21:00:00,BTCUSD,0.6841,0.3159,2.1656,3448835,-0.00131260839377134,17109.7,121446,BTCUSD_PERP,0.00000133
2022-12-04 20:00:00,BTCUSD,0.684,0.316,2.1646,3444311,0.000294064927183868,17087.7,161199,BTCUSD_PERP,0.00000133
2022-12-04 19:00:00,BTCUSD,0.6847,0.3153,2.1716,3445324,-0.018966811496691,17079,376141,BTCUSD_PERP,0.00000133
2022-12-04 18:00:00,BTCUSD,0.6855,0.3145,2.1797,3380593,0.00198850080631274,17059.2,1120494,BTCUSD_PERP,0.00000133
2022-12-04 17:00:00,BTCUSD,0.6859,0.3141,2.1837,3387322,-0.0025281967256241,17046.8,242911,BTCUSD_PERP,0.00003113
2022-12-04 16:00:00,BTCUSD,0.6855,0.3145,2.1797,3378769,-0.003562960581597,17006.3,426525,BTCUSD_PERP,0.00003113
2022-12-04 15:00:00,BTCUSD,0.6865,0.3135,2.1898,3366752,-0.00760409150010233,17022.8,555298,BTCUSD_PERP,0.00003113
2022-12-04 14:00:00,BTCUSD,0.6891,0.3109,2.2165,3341248,0.00309076857631219,17003,304808,BTCUSD_PERP,0.00003113
2022-12-04 13:00:00,BTCUSD,0.6909,0.3091,2.2352,3351591,0.000451921996111437,16941.6,168937,BTCUSD_PERP,0.00003113
2022-12-04 12:00:00,BTCUSD,0.6898,0.3102,2.2237,3353106,-0.00327875218524376,16952.1,164510,BTCUSD_PERP,0.00003113
2022-12-04 11:00:00,BTCUSD,0.6884,0.3116,2.2092,3342130,0.00287546262563332,16940.4,377167,BTCUSD_PERP,0.00003113
2022-12-04 10:00:00,BTCUSD,0.6887,0.3113,2.2123,3351754,-0.00135334157594613,16997.3,113265,BTCUSD_PERP,0.00003113
2022-12-04 09:00:00,BTCUSD,0.688,0.312,2.2051,3347221,0.00262708656388178,16997,120634,BTCUSD_PERP,-0.00001381
2022-12-04 08:00:00,BTCUSD,0.689,0.311,2.2154,3356026,-0.000726718439331364,17010.6,302574,BTCUSD_PERP,-0.00001381
2022-12-04 07:00:00,BTCUSD,0.6891,0.3109,2.2165,3353588,0.000921572795254733,16989.6,158939,BTCUSD_PERP,-0.00001381
2022-12-04 06:00:00,BTCUSD,0.688,0.312,2.2051,3356680,0.000718904508689278,16992.3,177201,BTCUSD_PERP,-0.00001381
2022-12-04 05:00:00,BTCUSD,0.6891,0.3109,2.2165,3359094,0.00252843582863527,17011.6,494436,BTCUSD_PERP,-0.00001381
2022-12-04 04:00:00,BTCUSD,0.6896,0.3104,2.2216,3367598,0.000102441659935337,17000.5,212052,BTCUSD_PERP,-0.00001381
2022-12-04 03:00:00,BTCUSD,0.6905,0.3095,2.231,3367943,-0.00119253618479576,16953.9,124319,BTCUSD_PERP,-0.00001381
2022-12-04 02:00:00,BTCUSD,0.6888,0.3112,2.2134,3363929,0.00249574671160069,16965.6,152065,BTCUSD_PERP,-0.00001381
2022-12-04 01:00:00,BTCUSD,0.6884,0.3116,2.2092,3372335,0.00243155632711201,16960.5,454570,BTCUSD_PERP,0.00003858
2022-12-04 00:00:00,BTCUSD,0.6895,0.3105,2.2206,3380545,-0.00290344758910699,16944.9,253681,BTCUSD_PERP,0.00003858
2022-12-03 23:00:00,BTCUSD,0.6883,0.3117,2.2082,3370744,0.00958296779370293,16881.6,244130,BTCUSD_PERP,0.00003858
2022-12-03 22:00:00,BTCUSD,0.687,0.313,2.1949,3403201,0.00231718797481051,16896,520231,BTCUSD_PERP,0.00003858
2022-12-03 21:00:00,BTCUSD,0.6867,0.3133,2.1918,3411096,-0.00340175537067466,16945.8,389211,BTCUSD_PERP,0.00003858
2022-12-03 20:00:00,BTCUSD,0.6863,0.3137,2.1878,3399512,0.000279118757136487,16925.4,169226,BTCUSD_PERP,0.00003858
2022-12-03 19:00:00,BTCUSD,0.6887,0.3113,2.2123,3400461,0.00304406640368526,16953,143677,BTCUSD_PERP,0.00003858
2022-12-03 18:00:00,BTCUSD,0.6871,0.3129,2.1959,3410828,-0.00416395324915619,16961,150817,BTCUSD_PERP,0.00003858
2022-12-03 17:00:00,BTCUSD,0.687,0.313,2.1949,3396655,0.00244911679765103,16964.9,161505,BTCUSD_PERP,0.00007082
2022-12-03 16:00:00,BTCUSD,0.6882,0.3118,2.2072,3404984,-0.00376185695671616,16948.7,114505,BTCUSD_PERP,0.00007082
2022-12-03 15:00:00,BTCUSD,0.6856,0.3144,2.1807,3392199,0.00139723148234161,16957.2,130999,BTCUSD_PERP,0.00007082
2022-12-03 14:00:00,BTCUSD,0.687,0.313,2.1949,3396942,0.000375855705268435,16942.4,231240,BTCUSD_PERP,0.00007082
2022-12-03 13:00:00,BTCUSD,0.6842,0.3158,2.1666,3398219,0.00210300753973236,16947.9,139944,BTCUSD_PERP,0.00007082
2022-12-03 12:00:00,BTCUSD,0.685,0.315,2.1746,3405373,0.0122040577468123,16960.4,179895,BTCUSD_PERP,0.00007082
2022-12-03 11:00:00,BTCUSD,0.6854,0.3146,2.1786,3447187,-0.00167871790283236,16941.3,467008,BTCUSD_PERP,0.00007082
2022-12-03 10:00:00,BTCUSD,0.6826,0.3174,2.1506,3441405,-0.0089001140151872,16958.4,126303,BTCUSD_PERP,0.00007082
2022-12-03 09:00:00,BTCUSD,0.6819,0.3181,2.1437,3410912,-0.00159439267739714,16976.3,295840,BTCUSD_PERP,0.00006574
2022-12-03 08:00:00,BTCUSD,0.6837,0.3163,2.1616,3405478,-0.00417964953790317,16942.5,367508,BTCUSD_PERP,0.00006574
2022-12-03 07:00:00,BTCUSD,0.6819,0.3181,2.1437,3391274,0.00391269102633984,16959.6,284868,BTCUSD_PERP,0.00006574
2022-12-03 06:00:00,BTCUSD,0.6843,0.3157,2.1676,3404569,-0.00283462167380755,16977.4,482211,BTCUSD_PERP,0.00006574
2022-12-03 05:00:00,BTCUSD,0.684,0.316,2.1646,3394932,-0.00257744985911401,17012.7,154582,BTCUSD_PERP,0.00006574
2022-12-03 04:00:00,BTCUSD,0.6824,0.3176,2.1486,3386193,0.00152061124042824,17014,119605,BTCUSD_PERP,0.00006574
2022-12-03 03:00:00,BTCUSD,0.6826,0.3174,2.1506,3391346,0.00199927041844639,17017.7,163775,BTCUSD_PERP,0.00006574
2022-12-03 02:00:00,BTCUSD,0.6838,0.3162,2.1626,3398133,0.00640327674692642,17026.6,150182,BTCUSD_PERP,0.00006574
2022-12-03 01:00:00,BTCUSD,0.684,0.316,2.1646,3419962,0.00524854144977027,17043.6,209911,BTCUSD_PERP,0.00000871
2022-12-03 00:00:00,BTCUSD,0.6842,0.3158,2.1666,3437959,-0.00276796729221296,17043.4,684243,BTCUSD_PERP,0.00000871
2022-12-02 23:00:00,BTCUSD,0.6855,0.3145,2.1797,3428456,-0.000606579347373071,17086.5,298051,BTCUSD_PERP,0.00000871
2022-12-02 22:00:00,BTCUSD,0.6843,0.3157,2.1676,3426377,0.00658785775734394,17036.6,174968,BTCUSD_PERP,0.00000871
2022-12-02 21:00:00,BTCUSD,0.6842,0.3158,2.1666,3449024,-0.00142228260546062,17008.1,266923,BTCUSD_PERP,0.00000871
2022-12-02 20:00:00,BTCUSD,0.6851,0.3149,2.1756,3444122,-0.00286841035189411,17024.1,297411,BTCUSD_PERP,0.00000871
2022-12-02 19:00:00,BTCUSD,0.6839,0.3161,2.1636,3434257,-0.00203044630547922,16985.3,238207,BTCUSD_PERP,0.00000871
2022-12-02 18:00:00,BTCUSD,0.6846,0.3154,2.1706,3427291,-0.000918347692687505,16949.2,148040,BTCUSD_PERP,0.00000871
2022-12-02 17:00:00,BTCUSD,0.6836,0.3164,2.1606,3424145,-0.00539719626446455,16931.7,241980,BTCUSD_PERP,-0.00003924
2022-12-02 16:00:00,BTCUSD,0.6856,0.3144,2.1807,3405714,0.00502827701985709,16934.3,273643,BTCUSD_PERP,-0.00003924
2022-12-02 15:00:00,BTCUSD,0.6861,0.3139,2.1857,3422882,-0.00523912141131255,16935.3,392143,BTCUSD_PERP,-0.00003924
2022-12-02 14:00:00,BTCUSD,0.6898,0.3102,2.2237,3404996,-0.00406405214214445,16905.7,616791,BTCUSD_PERP,-0.00003924
2022-12-02 13:00:00,BTCUSD,0.6863,0.3137,2.1878,3391186,0.00088101434642418,16884.8,3673878,BTCUSD_PERP,-0.00003924
2022-12-02 12:00:00,BTCUSD,0.6873,0.3127,2.198,3394175,0.00410742794828956,17026.5,303802,BTCUSD_PERP,-0.00003924
2022-12-02 11:00:00,BTCUSD,0.6859,0.3141,2.1837,3408145,0.000661431458533812,16988.3,557006,BTCUSD_PERP,-0.00003924
2022-12-02 10:00:00,BTCUSD,0.6884,0.3116,2.2092,3410400,-0.00758233276375186,16962.2,146156,BTCUSD_PERP,-0.00003924
2022-12-02 09:00:00,BTCUSD,0.6872,0.3128,2.1969,3384639,0.000704996510862088,16959.9,175461,BTCUSD_PERP,-0.00003539
2022-12-02 08:00:00,BTCUSD,0.6869,0.3131,2.1939,3387026,-0.00734364201533921,16956.1,156066,BTCUSD_PERP,-0.00003539
2022-12-02 07:00:00,BTCUSD,0.6862,0.3138,2.1867,3362244,-0.0014649758273908,16951.5,292580,BTCUSD_PERP,-0.00003539
2022-12-02 06:00:00,BTCUSD,0.6845,0.3155,2.1696,3357322,-0.000829576349822503,16902.7,139592,BTCUSD_PERP,-0.00003539
2022-12-02 05:00:00,BTCUSD,0.6844,0.3156,2.1686,3354538,-0.000745835278346263,16929.2,108526,BTCUSD_PERP,-0.00003539
2022-12-02 04:00:00,BTCUSD,0.6873,0.3127,2.198,3352037,-0.00146256841276404,16928.8,206566,BTCUSD_PERP,-0.00003539
2022-12-02 03:00:00,BTCUSD,0.6868,0.3132,2.1928,3347138,0.00255176013483016,16896.1,159727,BTCUSD_PERP,-0.00003539
2022-12-02 02:00:00,BTCUSD,0.6905,0.3095,2.231,3355690,0.00770782216121901,16914.7,480990,BTCUSD_PERP,-0.00003539
2022-12-02 01:00:00,BTCUSD,0.6866,0.3134,2.1908,3381655,0.00415146394512789,16915.8,696596,BTCUSD_PERP,0.00002591
2022-12-02 00:00:00,BTCUSD,0.6835,0.3165,2.1596,3395723,-0.00209423481198456,17030.4,373608,BTCUSD_PERP,0.00002591
2022-12-01 23:00:00,BTCUSD,0.6854,0.3146,2.1786,3388619,0.0015684353527412,16967.5,267249,BTCUSD_PERP,0.00002591
2022-12-01 22:00:00,BTCUSD,0.6845,0.3155,2.1696,3393938,-0.00179893928819297,16957.6,245126,BTCUSD_PERP,0.00002591
2022-12-01 21:00:00,BTCUSD,0.683,0.317,2.1546,3387838,-0.0035374098441725,16923.2,430385,BTCUSD_PERP,0.00002591
2022-12-01 20:00:00,BTCUSD,0.6824,0.3176,2.1486,3375875,-0.00624421111695561,16907.4,173807,BTCUSD_PERP,0.00002591
2022-12-01 19:00:00,BTCUSD,0.6833,0.3167,2.1576,3354861,-0.00269225685555519,16945.5,348753,BTCUSD_PERP,0.00002591
2022-12-01 18:00:00,BTCUSD,0.6835,0.3165,2.1596,3345841,0.00674352203074058,16929.3,281089,BTCUSD_PERP,0.00002591
2022-12-01 17:00:00,BTCUSD,0.6813,0.3187,2.1377,3368480,-0.00242628927713184,16962.9,314386,BTCUSD_PERP,0.00004054
2022-12-01 16:00:00,BTCUSD,0.6805,0.3195,2.1299,3360317,0.000242804753144199,16977.6,486014,BTCUSD_PERP,0.00004054
2022-12-01 15:00:00,BTCUSD,0.6834,0.3166,2.1586,3361133,-0.00238716205637779,16970.6,1675633,BTCUSD_PERP,0.00004054
2022-12-01 14:00:00,BTCUSD,0.6826,0.3174,2.1506,3353119,0.00612444285090952,17101,683121,BTCUSD_PERP,0.00004054
2022-12-01 13:00:00,BTCUSD,0.6831,0.3169,2.1556,3373718,-0.00244658532127673,17081.3,2869866,BTCUSD_PERP,0.00004054
2022-12-01 12:00:00,BTCUSD,0.6847,0.3153,2.1716,3365474,0.00360576119506284,17130.3,382921,BTCUSD_PERP,0.00004054
2022-12-01 11:00:00,BTCUSD,0.6838,0.3162,2.1626,3377631,-0.00368331642831876,17095.2,349604,BTCUSD_PERP,0.00004054
2022-12-01 10:00:00,BTCUSD,0.6837,0.3163,2.1616,3365213,0.000561767976680727,17088.9,177440,BTCUSD_PERP,0.00004054
2022-12-01 09:00:00,BTCUSD,0.6854,0.3146,2.1786,3367104,0.00167007069848779,17105.5,223478,BTCUSD_PERP,-0.0000439
2022-12-01 08:00:00,BTCUSD,0.6835,0.3165,2.1596,3372732,0.00405080834671878,17107.2,410049,BTCUSD_PERP,-0.0000439
2022-12-01 07:00:00,BTCUSD,0.6839,0.3161,2.1636,3386422,-1.18118839331771E-06,17062.2,297712,BTCUSD_PERP,-0.0000439
2022-12-01 06:00:00,BTCUSD,0.684,0.316,2.1646,3386418,0.00195885408347252,17112.7,212319,BTCUSD_PERP,-0.0000439
2022-12-01 05:00:00,BTCUSD,0.6885,0.3115,2.2103,3393058,0.00338001770537666,17106.4,433132,BTCUSD_PERP,-0.0000439
2022-12-01 04:00:00,BTCUSD,0.6898,0.3102,2.2237,3404546,0.0011058500943264,17131.6,336650,BTCUSD_PERP,-0.0000439
2022-12-01 03:00:00,BTCUSD,0.6902,0.3098,2.2279,3408313,0.00501598633693767,17139.4,368200,BTCUSD_PERP,-0.0000439
2022-12-01 02:00:00,BTCUSD,0.6923,0.3077,2.2499,3425452,-0.0212583790833936,17117.7,320974,BTCUSD_PERP,-0.0000439
2022-12-01 01:00:00,BTCUSD,0.6927,0.3073,2.2541,3353401,-0.00224202890271741,17102.6,556711,BTCUSD_PERP,-0.00004573
2022-12-01 00:00:00,BTCUSD,0.6925,0.3075,2.252,3345891,0.00633396039457068,17156.9,633330,BTCUSD_PERP,-0.00004573
2022-11-30 23:00:00,BTCUSD,0.6953,0.3047,2.2819,3367151,-0.000915138503811974,17156.4,1256048,BTCUSD_PERP,-0.00004573
2022-11-30 22:00:00,BTCUSD,0.6928,0.3072,2.2552,3364071,-0.000138829536430407,17142.3,577917,BTCUSD_PERP,-0.00004573
2022-11-30 21:00:00,BTCUSD,0.6936,0.3064,2.2637,3363604,0.00299586111591488,17101.2,648471,BTCUSD_PERP,-0.00004573
2022-11-30 20:00:00,BTCUSD,0.6952,0.3048,2.2808,3373696,-0.00679811705249556,17090.4,453753,BTCUSD_PERP,-0.00004573
2022-11-30 19:00:00,BTCUSD,0.6984,0.3016,2.3156,3350839,0.00607609610980298,17051.9,1962384,BTCUSD_PERP,-0.00004573
2022-11-30 18:00:00,BTCUSD,0.6976,0.3024,2.3069,3371261,0.000337502190442152,16916.7,2114680,BTCUSD_PERP,-0.00004573
2022-11-30 17:00:00,BTCUSD,0.697,0.303,2.3003,3372399,0.00622097434746749,16780.4,800527,BTCUSD_PERP,0.00001581
2022-11-30 16:00:00,BTCUSD,0.6971,0.3029,2.3014,3393444,-0.000131733260671396,16856.1,594632,BTCUSD_PERP,0.00001581
2022-11-30 15:00:00,BTCUSD,0.6966,0.3034,2.296,3392997,-7.01469372312857E-05,16855.1,306542,BTCUSD_PERP,0.00001581
2022-11-30 14:00:00,BTCUSD,0.6976,0.3024,2.3069,3392759,0.00363144040876762,16842.7,485266,BTCUSD_PERP,0.00001581
2022-11-30 13:00:00,BTCUSD,0.6986,0.3014,2.3179,3405102,0.00719673241245111,16799.7,908976,BTCUSD_PERP,0.00001581
2022-11-30 12:00:00,BTCUSD,0.6991,0.3009,2.3234,3429696,0.000291528532795127,16769.5,480256,BTCUSD_PERP,0.00001581
2022-11-30 11:00:00,BTCUSD,0.7006,0.2994,2.34,3430696,-0.00421501429802795,16869.8,151716,BTCUSD_PERP,0.00001581
2022-11-30 10:00:00,BTCUSD,0.7001,0.2999,2.3344,3416266,-3.07357839339772E-05,16858.1,126898,BTCUSD_PERP,0.00001581
2022-11-30 09:00:00,BTCUSD,0.6998,0.3002,2.3311,3416161,0.00292327828487871,16869,273611,BTCUSD_PERP,0.0001
2022-11-30 08:00:00,BTCUSD,0.7016,0.2984,2.3512,3426162,-0.00152619409014143,16879.1,270427,BTCUSD_PERP,0.0001
2022-11-30 07:00:00,BTCUSD,0.7027,0.2973,2.3636,3420937,-0.00299606175248002,16875.1,276156,BTCUSD_PERP,0.0001
2022-11-30 06:00:00,BTCUSD,0.7059,0.2941,2.4002,3410703,-0.00154838649746836,16853.5,294824,BTCUSD_PERP,0.0001
2022-11-30 05:00:00,BTCUSD,0.7054,0.2946,2.3944,3405426,-0.0127123605432971,16855.4,277635,BTCUSD_PERP,0.0001
2022-11-30 04:00:00,BTCUSD,0.7069,0.2931,2.4118,3362409,0.00664895652640141,16868.7,427597,BTCUSD_PERP,0.0001
2022-11-30 03:00:00,BTCUSD,0.7108,0.2892,2.4578,3384840,-0.00553787106183812,16832.8,561632,BTCUSD_PERP,0.0001
2022-11-30 02:00:00,BTCUSD,0.7115,0.2885,2.4662,3366147,-0.0126432120741118,16951.8,1565225,BTCUSD_PERP,0.0001
2022-11-30 01:00:00,BTCUSD,0.716,0.284,2.5211,3323856,-0.00930499070664403,16870.5,1230138,BTCUSD_PERP,-0.00005557
2022-11-30 00:00:00,BTCUSD,0.7066,0.2934,2.4083,3293071,0.00167605618766231,16836.1,3294882,BTCUSD_PERP,-0.00005557
2022-11-29 23:00:00,BTCUSD,0.708,0.292,2.4247,3298595,0.00221878541788989,16427.6,244714,BTCUSD_PERP,-0.00005557
2022-11-29 22:00:00,BTCUSD,0.7096,0.2904,2.4435,3305922,0.0015122008876407,16487.5,162346,BTCUSD_PERP,-0.00005557
2022-11-29 21:00:00,BTCUSD,0.7086,0.2914,2.4317,3310925,-0.00718173327339322,16448.2,171621,BTCUSD_PERP,-0.00005557
2022-11-29 20:00:00,BTCUSD,0.7082,0.2918,2.427,3287232,0.00279540486782182,16483.9,370592,BTCUSD_PERP,-0.00005557
2022-11-29 19:00:00,BTCUSD,0.7087,0.2913,2.4329,3296434,0.0103406135007909,16413.8,311614,BTCUSD_PERP,-0.00005557
2022-11-29 18:00:00,BTCUSD,0.7093,0.2907,2.44,3330698,4.50345910785188E-05,16408.7,282375,BTCUSD_PERP,-0.00005557
2022-11-29 17:00:00,BTCUSD,0.7089,0.2911,2.4352,3330848,-0.00500975381904389,16363.9,244591,BTCUSD_PERP,-0.0000495
2022-11-29 16:00:00,BTCUSD,0.7093,0.2907,2.44,3314203,0.00543958197844496,16395.5,448801,BTCUSD_PERP,-0.0000495
2022-11-29 15:00:00,BTCUSD,0.7084,0.2916,2.4294,3332280,0.00541880869239364,16381.1,544844,BTCUSD_PERP,-0.0000495
2022-11-29 14:00:00,BTCUSD,0.7043,0.2957,2.3818,3350386,0.00147068872235501,16348.6,824876,BTCUSD_PERP,-0.0000495
2022-11-29 13:00:00,BTCUSD,0.7053,0.2947,2.3933,3355317,0.00112206595800046,16397.1,548105,BTCUSD_PERP,-0.0000495
2022-11-29 12:00:00,BTCUSD,0.7093,0.2907,2.44,3359084,0.00307497604639018,16471.5,222012,BTCUSD_PERP,-0.0000495
2022-11-29 11:00:00,BTCUSD,0.7121,0.2879,2.4734,3369429,-0.00270946699954422,16483,227318,BTCUSD_PERP,-0.0000495
2022-11-29 10:00:00,BTCUSD,0.7128,0.2872,2.4819,3360312,-0.00120329056830926,16491.1,251770,BTCUSD_PERP,-0.0000495
2022-11-29 09:00:00,BTCUSD,0.7159,0.2841,2.5199,3356271,-0.00296212963401921,16507.8,227408,BTCUSD_PERP,0.0001
2022-11-29 08:00:00,BTCUSD,0.7166,0.2834,2.5286,3346344,-0.00308003494421527,16488.1,689974,BTCUSD_PERP,0.0001
2022-11-29 07:00:00,BTCUSD,0.72,0.28,2.5714,3336053,-0.0025502710634111,16448.5,184852,BTCUSD_PERP,0.0001
2022-11-29 06:00:00,BTCUSD,0.721,0.279,2.5842,3327556,-0.0155911253658658,16452.1,247864,BTCUSD_PERP,0.0001
2022-11-29 05:00:00,BTCUSD,0.7248,0.2752,2.6337,3276078,0.00141380159045745,16472.3,748918,BTCUSD_PERP,0.0001
2022-11-29 04:00:00,BTCUSD,0.7212,0.2788,2.5868,3280713,0.00204745700051312,16418.4,1267435,BTCUSD_PERP,0.0001
2022-11-29 03:00:00,BTCUSD,0.7217,0.2783,2.5932,3287437,-0.00703960727642716,16271.3,175972,BTCUSD_PERP,0.0001
2022-11-29 02:00:00,BTCUSD,0.7225,0.2775,2.6036,3264376,-0.00321834484233996,16250.3,315137,BTCUSD_PERP,0.0001
2022-11-29 01:00:00,BTCUSD,0.7239,0.2761,2.6219,3253887,0.00570760401311432,16238.8,352276,BTCUSD_PERP,0.00001578
2022-11-29 00:00:00,BTCUSD,0.7218,0.2782,2.5945,3272512,0.000441764805618305,16166.3,569266,BTCUSD_PERP,0.00001578
2022-11-28 23:00:00,BTCUSD,0.7219,0.2781,2.5958,3273958,-0.000982780038459197,16201.8,140476,BTCUSD_PERP,0.00001578
2022-11-28 22:00:00,BTCUSD,0.7217,0.2783,2.5932,3270742,0.000864262026636808,16206.2,125633,BTCUSD_PERP,0.00001578
2022-11-28 21:00:00,BTCUSD,0.7199,0.2801,2.5702,3273570,0.00351169868785028,16190.7,278437,BTCUSD_PERP,0.00001578
2022-11-28 20:00:00,BTCUSD,0.7209,0.2791,2.5829,3285086,0.00410712378560163,16248.4,209059,BTCUSD_PERP,0.00001578
2022-11-28 19:00:00,BTCUSD,0.7208,0.2792,2.5817,3298606,0.0103692439753296,16208.9,376660,BTCUSD_PERP,0.00001578
2022-11-28 18:00:00,BTCUSD,0.7213,0.2787,2.5881,3332988,0.0114428721918181,16150.2,557731,BTCUSD_PERP,0.00001578
2022-11-28 17:00:00,BTCUSD,0.7212,0.2788,2.5868,3371346,-0.012775597854688,16193.6,1324006,BTCUSD_PERP,0.0000903
2022-11-28 16:00:00,BTCUSD,0.7155,0.2845,2.5149,3328549,-0.00385745636980417,16296.4,2504415,BTCUSD_PERP,0.0000903
2022-11-28 15:00:00,BTCUSD,0.7205,0.2795,2.5778,3315734,0.00483878390113013,16135.2,1088102,BTCUSD_PERP,0.0000903
2022-11-28 14:00:00,BTCUSD,0.7214,0.2786,2.5894,3331817,-0.0054678017354437,16202.3,837140,BTCUSD_PERP,0.0000903
2022-11-28 13:00:00,BTCUSD,0.7189,0.2811,2.5575,3313649,0.0021680650109257,16164.2,242126,BTCUSD_PERP,0.0000903
2022-11-28 12:00:00,BTCUSD,0.7194,0.2806,2.5638,3320841,0.00085002562117964,16174.3,356727,BTCUSD_PERP,0.0000903
2022-11-28 11:00:00,BTCUSD,0.7209,0.2791,2.5829,3323665,0.00179700131383953,16202.3,207278,BTCUSD_PERP,0.0000903
2022-11-28 10:00:00,BTCUSD,0.7215,0.2785,2.5907,3329643,0.00444942354946143,16184.4,281239,BTCUSD_PERP,0.0000903
2022-11-28 09:00:00,BTCUSD,0.7211,0.2789,2.5855,3344491,-0.000431548891869582,16205,256779,BTCUSD_PERP,-0.0000373
2022-11-28 08:00:00,BTCUSD,0.7178,0.2822,2.5436,3343048,-0.00355637011760379,16215.9,406870,BTCUSD_PERP,-0.0000373
2022-11-28 07:00:00,BTCUSD,0.7175,0.2825,2.5398,3331180,0.00288011172762381,16213,169128,BTCUSD_PERP,-0.0000373
2022-11-28 06:00:00,BTCUSD,0.7164,0.2836,2.5261,3340788,-0.00160210260761318,16198,274640,BTCUSD_PERP,-0.0000373
2022-11-28 05:00:00,BTCUSD,0.7185,0.2815,2.5524,3335440,-0.000700602738934464,16142.1,248089,BTCUSD_PERP,-0.0000373
2022-11-28 04:00:00,BTCUSD,0.719,0.281,2.5587,3333104,0.00338719042194846,16194.6,309209,BTCUSD_PERP,-0.0000373
2022-11-28 03:00:00,BTCUSD,0.7161,0.2839,2.5224,3344413,-0.00781658981238742,16163.1,344125,BTCUSD_PERP,-0.0000373
2022-11-28 02:00:00,BTCUSD,0.7076,0.2924,2.42,3318373,0.00350280651575829,16098.2,1114201,BTCUSD_PERP,-0.0000373
2022-11-28 01:00:00,BTCUSD,0.7096,0.2904,2.4435,3330017,-0.00422721889693456,16129.9,2885830,BTCUSD_PERP,-0.00002254
2022-11-28 00:00:00,BTCUSD,0.7071,0.2929,2.4141,3315970,-0.00518475514087591,16431.3,354354,BTCUSD_PERP,-0.00002254
2022-11-27 23:00:00,BTCUSD,0.7077,0.2923,2.4211,3298822,0.00288081570340815,16414.3,1183604,BTCUSD_PERP,-0.00002254
2022-11-27 22:00:00,BTCUSD,0.7067,0.2933,2.4095,3308339,-0.00137868058110513,16562,153283,BTCUSD_PERP,-0.00002254
2022-11-27 21:00:00,BTCUSD,0.7076,0.2924,2.42,3303781,0.00190297546561879,16567,185786,BTCUSD_PERP,-0.00002254
2022-11-27 20:00:00,BTCUSD,0.7085,0.2915,2.4305,3310074,-0.00240313366772504,16544.6,125279,BTCUSD_PERP,-0.00002254
2022-11-27 19:00:00,BTCUSD,0.7079,0.2921,2.4235,3302129,-0.00100197692019677,16538.5,88492,BTCUSD_PERP,-0.00002254
2022-11-27 18:00:00,BTCUSD,0.7086,0.2914,2.4317,3298822,0.00648729582147745,16547.4,112082,BTCUSD_PERP,-0.00002254
2022-11-27 17:00:00,BTCUSD,0.7077,0.2923,2.4211,3320292,0.00021712600244328,16514.9,197917,BTCUSD_PERP,0.00005098
2022-11-27 16:00:00,BTCUSD,0.705,0.295,2.3898,3321013,-0.00512177613138398,16520.5,191198,BTCUSD_PERP,0.00005098
2022-11-27 15:00:00,BTCUSD,0.7043,0.2957,2.3818,3304047,0.00485374969574792,16554.3,184398,BTCUSD_PERP,0.00005098
2022-11-27 14:00:00,BTCUSD,0.7045,0.2955,2.3841,3320123,0.00176434106660395,16525.5,133847,BTCUSD_PERP,0.00005098
2022-11-27 13:00:00,BTCUSD,0.7042,0.2958,2.3807,3325986,0.00048425037501687,16521.6,170584,BTCUSD_PERP,0.00005098
2022-11-27 12:00:00,BTCUSD,0.7028,0.2972,2.3647,3327597,0.000990914992311076,16543.4,130640,BTCUSD_PERP,0.00005098
2022-11-27 11:00:00,BTCUSD,0.7037,0.2963,2.375,3330896,0.00303720719500333,16536.2,148852,BTCUSD_PERP,0.00005098
2022-11-27 10:00:00,BTCUSD,0.7056,0.2944,2.3967,3341028,0.000972580692632619,16527.1,307083,BTCUSD_PERP,0.00005098
2022-11-27 09:00:00,BTCUSD,0.7053,0.2947,2.3933,3344279,0.00487762920592694,16504.2,263388,BTCUSD_PERP,0.00005126
2022-11-27 08:00:00,BTCUSD,0.7025,0.2975,2.3613,3360631,-0.00378292526061408,16510,222350,BTCUSD_PERP,0.00005126
2022-11-27 07:00:00,BTCUSD,0.7019,0.2981,2.3546,3347942,-0.00237861453399724,16551.7,88812,BTCUSD_PERP,0.00005126
2022-11-27 06:00:00,BTCUSD,0.7036,0.2964,2.3738,3339988,-0.00121841100684073,16542.5,207154,BTCUSD_PERP,0.00005126
2022-11-27 05:00:00,BTCUSD,0.7038,0.2962,2.3761,3335921,-0.00872430308150385,16521.4,176440,BTCUSD_PERP,0.00005126
2022-11-27 04:00:00,BTCUSD,0.7035,0.2965,2.3727,3306944,-0.00195446673766142,16553.4,410482,BTCUSD_PERP,0.00005126
2022-11-27 03:00:00,BTCUSD,0.703,0.297,2.367,3300487,-0.00138347981282649,16514.7,245988,BTCUSD_PERP,0.00005126
2022-11-27 02:00:00,BTCUSD,0.7043,0.2957,2.3818,3295924,-0.00213764791392101,16516.4,212087,BTCUSD_PERP,0.00005126
2022-11-27 01:00:00,BTCUSD,0.7035,0.2965,2.3727,3288886,-0.00127419093347569,16470.4,147204,BTCUSD_PERP,-0.00005195
2022-11-27 00:00:00,BTCUSD,0.7007,0.2993,2.3411,3284698,0.000113246008197621,16446.4,212406,BTCUSD_PERP,-0.00005195
2022-11-26 23:00:00,BTCUSD,0.7001,0.2999,2.3344,3285070,0.00162208898716187,16440.6,407188,BTCUSD_PERP,-0.00005195
2022-11-26 22:00:00,BTCUSD,0.7003,0.2997,2.3367,3290403,0.00015711126807183,16409.6,328215,BTCUSD_PERP,-0.00005195
2022-11-26 21:00:00,BTCUSD,0.6999,0.3001,2.3322,3290920,0.000284378507277694,16501.2,241811,BTCUSD_PERP,-0.00005195
2022-11-26 20:00:00,BTCUSD,0.6987,0.3013,2.319,3291856,0.00786815593382606,16483.9,97832,BTCUSD_PERP,-0.00005195
2022-11-26 19:00:00,BTCUSD,0.7023,0.2977,2.3591,3317859,-0.00112454963148423,16474.3,431020,BTCUSD_PERP,-0.00005195
2022-11-26 18:00:00,BTCUSD,0.7028,0.2972,2.3647,3314130,0.00135690140769285,16458.6,214040,BTCUSD_PERP,-0.00005195
2022-11-26 17:00:00,BTCUSD,0.7016,0.2984,2.3512,3318630,0.0140729247586773,16503.3,115630,BTCUSD_PERP,0.00000772
2022-11-26 16:00:00,BTCUSD,0.7012,0.2988,2.3467,3365663,-0.00341555575097807,16490,254916,BTCUSD_PERP,0.00000772
2022-11-26 15:00:00,BTCUSD,0.7049,0.2951,2.3887,3354187,-0.000696983954787456,16492,603673,BTCUSD_PERP,0.00000772
2022-11-26 14:00:00,BTCUSD,0.7046,0.2954,2.3852,3351850,-0.000408514595605425,16549.3,653541,BTCUSD_PERP,0.00000772
2022-11-26 13:00:00,BTCUSD,0.7028,0.2972,2.3647,3350481,-0.00179448603073951,16584.5,145672,BTCUSD_PERP,0.00000772
2022-11-26 12:00:00,BTCUSD,0.7032,0.2968,2.3693,3344474,0.000167725314762279,16564.9,149990,BTCUSD_PERP,0.00000772
2022-11-26 11:00:00,BTCUSD,0.7045,0.2955,2.3841,3345035,-0.00377328873777927,16567.2,235767,BTCUSD_PERP,0.00000772
2022-11-26 10:00:00,BTCUSD,0.7045,0.2955,2.3841,3332437,-0.00401894367127831,16579.1,260490,BTCUSD_PERP,0.00000772
2022-11-26 09:00:00,BTCUSD,0.7057,0.2943,2.3979,3319071,0.0012904921498027,16573.3,151209,BTCUSD_PERP,-0.00007649
2022-11-26 08:00:00,BTCUSD,0.7046,0.2954,2.3852,3323357,0.00985482164456641,16555,114293,BTCUSD_PERP,-0.00007649
2022-11-26 07:00:00,BTCUSD,0.7038,0.2962,2.3761,3356270,0.00901542306718106,16568,205598,BTCUSD_PERP,-0.00007649
2022-11-26 06:00:00,BTCUSD,0.7027,0.2973,2.3636,3386665,0.000345412949037893,16538.5,308528,BTCUSD_PERP,-0.00007649
2022-11-26 05:00:00,BTCUSD,0.7008,0.2992,2.3422,3387835,-0.00195418743908071,16607,141611,BTCUSD_PERP,-0.00007649
2022-11-26 04:00:00,BTCUSD,0.7029,0.2971,2.3659,3381221,-0.000864262477126232,16614.3,272686,BTCUSD_PERP,-0.00007649
2022-11-26 03:00:00,BTCUSD,0.7042,0.2958,2.3807,3378300,-0.0127719172352609,16604.4,144105,BTCUSD_PERP,-0.00007649
2022-11-26 02:00:00,BTCUSD,0.704,0.296,2.3784,3335427,-0.0039021573534832,16611.8,280093,BTCUSD_PERP,-0.00007649
2022-11-26 01:00:00,BTCUSD,0.7028,0.2972,2.3647,3322437,-0.0018397999877422,16618,691383,BTCUSD_PERP,0.00006999
2022-11-26 00:00:00,BTCUSD,0.7035,0.2965,2.3727,3316330,0.00274926059110747,16564.7,286612,BTCUSD_PERP,0.00006999
2022-11-25 23:00:00,BTCUSD,0.7028,0.2972,2.3647,3325460,-0.00101240239077782,16504.7,265227,BTCUSD_PERP,0.00006999
2022-11-25 22:00:00,BTCUSD,0.7052,0.2948,2.3921,3322095,-0.00367249446692064,16516.3,173706,BTCUSD_PERP,0.00006999
2022-11-25 21:00:00,BTCUSD,0.7053,0.2947,2.3933,3309917,-0.00144488619714522,16487.4,175710,BTCUSD_PERP,0.00006999
2022-11-25 20:00:00,BTCUSD,0.7038,0.2962,2.3761,3305138,-0.00203162966059622,16513,477231,BTCUSD_PERP,0.00006999
2022-11-25 19:00:00,BTCUSD,0.7051,0.2949,2.391,3298430,0.00276869479871067,16508,205064,BTCUSD_PERP,0.00006999
2022-11-25 18:00:00,BTCUSD,0.7055,0.2945,2.3956,3307575,-0.00194258232588673,16478.8,151044,BTCUSD_PERP,0.00006999
2022-11-25 17:00:00,BTCUSD,0.7049,0.2951,2.3887,3301156,0.00163112743594773,16494.6,270080,BTCUSD_PERP,0.00006325
2022-11-25 16:00:00,BTCUSD,0.7052,0.2948,2.3921,3306545,-0.0088274776106978,16472.8,265256,BTCUSD_PERP,0.00006325
2022-11-25 15:00:00,BTCUSD,0.7031,0.2969,2.3681,3277485,0.00625926966333701,16496.5,471454,BTCUSD_PERP,0.00006325
2022-11-25 14:00:00,BTCUSD,0.7055,0.2945,2.3956,3298064,0.00653065445209933,16521,459233,BTCUSD_PERP,0.00006325
2022-11-25 13:00:00,BTCUSD,0.7066,0.2934,2.4083,3319673,-0.000508010363970968,16470.6,228263,BTCUSD_PERP,0.00006325
2022-11-25 12:00:00,BTCUSD,0.707,0.293,2.413,3317987,0.00569864272628351,16488.3,308488,BTCUSD_PERP,0.00006325
2022-11-25 11:00:00,BTCUSD,0.7066,0.2934,2.4083,3336949,-0.00364709377125827,16512.3,614711,BTCUSD_PERP,0.00006325
2022-11-25 10:00:00,BTCUSD,0.7059,0.2941,2.4002,3324801,-0.00622269968756228,16461,294869,BTCUSD_PERP,0.00006325
2022-11-25 09:00:00,BTCUSD,0.7055,0.2945,2.3956,3304176,-0.00518870720306452,16421.8,178108,BTCUSD_PERP,0.00004997
2022-11-25 08:00:00,BTCUSD,0.7068,0.2932,2.4106,3287076,-0.0100765299961907,16430.2,235531,BTCUSD_PERP,0.00004997
2022-11-25 07:00:00,BTCUSD,0.7081,0.2919,2.4258,3254120,-0.0128643422320796,16447.2,271449,BTCUSD_PERP,0.00004997
2022-11-25 06:00:00,BTCUSD,0.7042,0.2958,2.3807,3212526,-0.00066511848473283,16402.9,409052,BTCUSD_PERP,0.00004997
2022-11-25 05:00:00,BTCUSD,0.7044,0.2956,2.3829,3210390,0.00599280342523123,16343.3,376527,BTCUSD_PERP,0.00004997
2022-11-25 04:00:00,BTCUSD,0.7072,0.2928,2.4153,3229687,-0.000294499139146254,16371.6,711214,BTCUSD_PERP,0.00004997
2022-11-25 03:00:00,BTCUSD,0.7067,0.2933,2.4095,3228736,-2.01319198254168E-05,16471.4,180122,BTCUSD_PERP,0.00004997
2022-11-25 02:00:00,BTCUSD,0.7086,0.2914,2.4317,3228671,-0.00299611727980853,16506.4,426799,BTCUSD_PERP,0.00004997
2022-11-25 01:00:00,BTCUSD,0.7084,0.2916,2.4294,3219012,-0.00210409922793353,16507.6,128653,BTCUSD_PERP,-0.00002596
2022-11-25 00:00:00,BTCUSD,0.7087,0.2913,2.4329,3212246,-0.00241711753986173,16509.5,358275,BTCUSD_PERP,-0.00002596
2022-11-24 23:00:00,BTCUSD,0.7083,0.2917,2.4282,3204491,-0.00121090944779567,16583.9,198560,BTCUSD_PERP,-0.00002596
2022-11-24 22:00:00,BTCUSD,0.7083,0.2917,2.4282,3200613,0.00163615957724872,16590.1,149066,BTCUSD_PERP,-0.00002596
2022-11-24 21:00:00,BTCUSD,0.7075,0.2925,2.4188,3205854,0.00029285878568075,16536.1,164613,BTCUSD_PERP,-0.00002596
2022-11-24 20:00:00,BTCUSD,0.7066,0.2934,2.4083,3206793,0.00217830907934236,16545.1,159407,BTCUSD_PERP,-0.00002596
2022-11-24 19:00:00,BTCUSD,0.7073,0.2927,2.4165,3213786,0.00382336604468669,16555,130015,BTCUSD_PERP,-0.00002596
2022-11-24 18:00:00,BTCUSD,0.7081,0.2919,2.4258,3226097,0.00380756840117158,16564.7,242503,BTCUSD_PERP,-0.00002596
2022-11-24 17:00:00,BTCUSD,0.7083,0.2917,2.4282,3238404,-0.00519006917931719,16569.1,300373,BTCUSD_PERP,0.00005207
2022-11-24 16:00:00,BTCUSD,0.7064,0.2936,2.406,3221640,-0.00221592225971001,16601.3,794490,BTCUSD_PERP,0.00005207
2022-11-24 15:00:00,BTCUSD,0.7071,0.2929,2.4141,3214509,0.00404592257969405,16539.7,184575,BTCUSD_PERP,0.00005207
2022-11-24 14:00:00,BTCUSD,0.7079,0.2921,2.4235,3227541,0.000677376173619848,16515.9,410967,BTCUSD_PERP,0.00005207
2022-11-24 13:00:00,BTCUSD,0.7041,0.2959,2.3795,3229728,-0.00332468560489652,16565.1,283298,BTCUSD_PERP,0.00005207
2022-11-24 12:00:00,BTCUSD,0.7036,0.2964,2.3738,3219008,-0.00515241179016712,16519.1,306118,BTCUSD_PERP,0.00005207
2022-11-24 11:00:00,BTCUSD,0.7042,0.2958,2.3807,3202465,0.00083619339323171,16556.2,218007,BTCUSD_PERP,0.00005207
2022-11-24 10:00:00,BTCUSD,0.707,0.293,2.413,3205144,-0.00311860244492124,16534.3,423439,BTCUSD_PERP,0.00005207
2022-11-24 09:00:00,BTCUSD,0.7053,0.2947,2.3933,3195164,-0.000648690369533966,16579.4,275347,BTCUSD_PERP,-0.00000717
2022-11-24 08:00:00,BTCUSD,0.709,0.291,2.4364,3193092,-0.0029092489784901,16568.4,483694,BTCUSD_PERP,-0.00000717
2022-11-24 07:00:00,BTCUSD,0.7084,0.2916,2.4294,3183816,-0.00542391506089857,16599.4,257689,BTCUSD_PERP,-0.00000717
2022-11-24 06:00:00,BTCUSD,0.7106,0.2894,2.4554,3166594,0.0129237937598976,16692,313244,BTCUSD_PERP,-0.00000717
2022-11-24 05:00:00,BTCUSD,0.7124,0.2876,2.4771,3207784,0.00249549329694787,16637,286175,BTCUSD_PERP,-0.00000717
2022-11-24 04:00:00,BTCUSD,0.7133,0.2867,2.488,3215799,-0.000575761395008811,16676.6,326424,BTCUSD_PERP,-0.00000717
2022-11-24 03:00:00,BTCUSD,0.7135,0.2865,2.4904,3213948,0.00977703646656103,16693.3,272207,BTCUSD_PERP,-0.00000717
2022-11-24 02:00:00,BTCUSD,0.7164,0.2836,2.5261,3245525,-0.008238370145083,16674.8,665788,BTCUSD_PERP,-0.00000717
2022-11-24 01:00:00,BTCUSD,0.7138,0.2862,2.4941,3218897,0.0102092969290801,16723.7,1054858,BTCUSD_PERP,0.0001
2022-11-24 00:00:00,BTCUSD,0.7122,0.2878,2.4746,3251928,-0.00212376427705685,16536.1,417613,BTCUSD_PERP,0.0001
2022-11-23 23:00:00,BTCUSD,0.7132,0.2868,2.4868,3245029,1.32509494079613E-05,16583.8,479877,BTCUSD_PERP,0.0001
2022-11-23 22:00:00,BTCUSD,0.7139,0.2861,2.4953,3245072,0.00600552583802383,16489.3,236491,BTCUSD_PERP,0.0001
2022-11-23 21:00:00,BTCUSD,0.7148,0.2852,2.5063,3264619,0.000912400721082562,16464,362008,BTCUSD_PERP,0.0001
2022-11-23 20:00:00,BTCUSD,0.716,0.284,2.5211,3267599,0.00115797818837216,16593.2,365043,BTCUSD_PERP,0.0001
2022-11-23 19:00:00,BTCUSD,0.7142,0.2858,2.499,3271385,-0.00357735570500317,16452.9,1612652,BTCUSD_PERP,0.0001
2022-11-23 18:00:00,BTCUSD,0.7107,0.2893,2.4566,3259703,0.00142671918696102,16503.4,549615,BTCUSD_PERP,0.0001
2022-11-23 17:00:00,BTCUSD,0.7123,0.2877,2.4758,3264357,0.0045485771610867,16367.9,319956,BTCUSD_PERP,0.00000966
2022-11-23 16:00:00,BTCUSD,0.7113,0.2887,2.4638,3279239,0.00127021953047723,16312.1,481493,BTCUSD_PERP,0.00000966
2022-11-23 15:00:00,BTCUSD,0.7109,0.2891,2.459,3283407,-0.0045333056469925,16404.9,464015,BTCUSD_PERP,0.00000966
2022-11-23 14:00:00,BTCUSD,0.7084,0.2916,2.4294,3268556,0.00210391404252519,16441.9,803251,BTCUSD_PERP,0.00000966
2022-11-23 13:00:00,BTCUSD,0.7128,0.2872,2.4819,3275440,0.00331010064887316,16374.3,610942,BTCUSD_PERP,0.00000966
2022-11-23 12:00:00,BTCUSD,0.7173,0.2827,2.5373,3286300,-0.00507753125819654,16488.1,379651,BTCUSD_PERP,0.00000966
2022-11-23 11:00:00,BTCUSD,0.719,0.281,2.5587,3269656,-0.000492221819341054,16561,323694,BTCUSD_PERP,0.00000966
2022-11-23 10:00:00,BTCUSD,0.7221,0.2779,2.5984,3268047,-0.00530405124196065,16584,474220,BTCUSD_PERP,0.00000966
2022-11-23 09:00:00,BTCUSD,0.723,0.277,2.6101,3250759,-1.23048943638793E-05,16533.1,311797,BTCUSD_PERP,0.00008444
2022-11-23 08:00:00,BTCUSD,0.7269,0.2731,2.6617,3250719,-0.00049724439632115,16516.7,509395,BTCUSD_PERP,0.00008444
2022-11-23 07:00:00,BTCUSD,0.7279,0.2721,2.6751,3249103,0.000890925935804532,16549.1,706408,BTCUSD_PERP,0.00008444
2022-11-23 06:00:00,BTCUSD,0.7279,0.2721,2.6751,3251999,-0.00374130846607379,16476.9,245430,BTCUSD_PERP,0.00008444
2022-11-23 05:00:00,BTCUSD,0.7293,0.2707,2.6941,3239855,0.00328271610281128,16439.1,334382,BTCUSD_PERP,0.00008444
2022-11-23 04:00:00,BTCUSD,0.7317,0.2683,2.7272,3250508,0.00847130261055717,16479,505788,BTCUSD_PERP,0.00008444
2022-11-23 03:00:00,BTCUSD,0.7347,0.2653,2.7693,3278161,0.00591991796681057,16557.8,1013638,BTCUSD_PERP,0.00008444
2022-11-23 02:00:00,BTCUSD,0.7314,0.2686,2.723,3297625,0.00145695715113625,16484.9,2192997,BTCUSD_PERP,0.00008444
2022-11-23 01:00:00,BTCUSD,0.7341,0.2659,2.7608,3302433,0.000690161861262695,16195.3,205894,BTCUSD_PERP,0.00009923
2022-11-23 00:00:00,BTCUSD,0.7293,0.2707,2.6941,3304713,0.00896291519804571,16157.5,400890,BTCUSD_PERP,0.00009923
2022-11-22 23:00:00,BTCUSD,0.7313,0.2687,2.7216,3334466,-0.0026161312896118,16196.9,484215,BTCUSD_PERP,0.00009923
2022-11-22 22:00:00,BTCUSD,0.7293,0.2707,2.6941,3325754,0.00264941942405983,16159.2,314065,BTCUSD_PERP,0.00009923
2022-11-22 21:00:00,BTCUSD,0.7292,0.2708,2.6928,3334577,-0.000383630471683105,16126,302007,BTCUSD_PERP,0.00009923
2022-11-22 20:00:00,BTCUSD,0.7296,0.2704,2.6982,3333298,-0.00750265388284177,16112.8,238239,BTCUSD_PERP,0.00009923
2022-11-22 19:00:00,BTCUSD,0.7293,0.2707,2.6941,3308383,0.0016803757315742,16143.9,532517,BTCUSD_PERP,0.00009923
2022-11-22 18:00:00,BTCUSD,0.7298,0.2702,2.701,3313947,0.000900634667447164,16117.2,497080,BTCUSD_PERP,0.00009923
2022-11-22 17:00:00,BTCUSD,0.7312,0.2688,2.7202,3316933,-0.0060379091547329,16060.1,509783,BTCUSD_PERP,0.0000953
2022-11-22 16:00:00,BTCUSD,0.7335,0.2665,2.7523,3296966,-0.0136927928357107,16145.8,607732,BTCUSD_PERP,0.0000953
2022-11-22 15:00:00,BTCUSD,0.734,0.266,2.7594,3252129,0.00750162890002493,16213.6,1429555,BTCUSD_PERP,0.0000953
2022-11-22 14:00:00,BTCUSD,0.7408,0.2592,2.858,3276617,0.0128189019802907,16090.3,981218,BTCUSD_PERP,0.0000953
2022-11-22 13:00:00,BTCUSD,0.7433,0.2567,2.8956,3318890,-0.00366788228639159,16142.5,2692883,BTCUSD_PERP,0.0000953
2022-11-22 12:00:00,BTCUSD,0.7404,0.2596,2.8521,3306739,0.000822828860547631,15812.7,759677,BTCUSD_PERP,0.0000953
2022-11-22 11:00:00,BTCUSD,0.742,0.258,2.876,3309461,-0.0106855061987083,15727,332339,BTCUSD_PERP,0.0000953
2022-11-22 10:00:00,BTCUSD,0.7403,0.2597,2.8506,3274286,-0.0048951638052479,15773.9,428775,BTCUSD_PERP,0.0000953
2022-11-22 09:00:00,BTCUSD,0.7407,0.2593,2.8565,3258297,7.45760558729103E-05,15665.7,366650,BTCUSD_PERP,0.00009296
2022-11-22 08:00:00,BTCUSD,0.7428,0.2572,2.888,3258540,-0.00307480898697321,15701.5,592563,BTCUSD_PERP,0.00009296
2022-11-22 07:00:00,BTCUSD,0.7411,0.2589,2.8625,3248536,0.00461970621269536,15733.2,647889,BTCUSD_PERP,0.00009296
2022-11-22 06:00:00,BTCUSD,0.7432,0.2568,2.8941,3263578,-0.00116565816618319,15654.4,804600,BTCUSD_PERP,0.00009296
2022-11-22 05:00:00,BTCUSD,0.7438,0.2562,2.9032,3259776,-0.00326659655365447,15771.2,422805,BTCUSD_PERP,0.00009296
2022-11-22 04:00:00,BTCUSD,0.7432,0.2568,2.8941,3249145,-0.00555129789207598,15791.2,247395,BTCUSD_PERP,0.00009296
2022-11-22 03:00:00,BTCUSD,0.7422,0.2578,2.879,3231158,0.000111099506124646,15820.6,544798,BTCUSD_PERP,0.00009296
2022-11-22 02:00:00,BTCUSD,0.7414,0.2586,2.867,3231517,-0.0138029366860604,15870.6,505431,BTCUSD_PERP,0.00009296
2022-11-22 01:00:00,BTCUSD,0.7415,0.2585,2.8685,3187219,-0.0155047797256884,15789.4,345115,BTCUSD_PERP,-0.00009887
2022-11-22 00:00:00,BTCUSD,0.7419,0.2581,2.8745,3138183,-0.00335629106746538,15842.6,1098472,BTCUSD_PERP,-0.00009887
2022-11-21 23:00:00,BTCUSD,0.7418,0.2582,2.873,3127668,0.0132789111080651,15755.6,489256,BTCUSD_PERP,-0.00009887
2022-11-21 22:00:00,BTCUSD,0.7379,0.2621,2.8153,3169477,0.00251460128778369,15713.9,1339343,BTCUSD_PERP,-0.00009887
2022-11-21 21:00:00,BTCUSD,0.7387,0.2613,2.827,3177457,0.00878408542847353,15622.1,2115144,BTCUSD_PERP,-0.00009887
2022-11-21 20:00:00,BTCUSD,0.7385,0.2615,2.8241,3205491,-0.011463711783561,15756.6,1491959,BTCUSD_PERP,-0.00009887
2022-11-21 19:00:00,BTCUSD,0.7378,0.2622,2.8139,3168954,0.00304872137009227,15695.5,2973654,BTCUSD_PERP,-0.00009887
2022-11-21 18:00:00,BTCUSD,0.7362,0.2638,2.7908,3178630,0.00270724843190351,15945.5,860035,BTCUSD_PERP,-0.00009887
2022-11-21 17:00:00,BTCUSD,0.7385,0.2615,2.8241,3187247,-0.00219206481479617,15987,694897,BTCUSD_PERP,0.0001
2022-11-21 16:00:00,BTCUSD,0.7352,0.2648,2.7764,3180268,-0.00072504446629118,16004,1585286,BTCUSD_PERP,0.0001
2022-11-21 15:00:00,BTCUSD,0.7377,0.2623,2.8124,3177963,0.00863545800579679,16103.2,531812,BTCUSD_PERP,0.0001
2022-11-21 14:00:00,BTCUSD,0.7377,0.2623,2.8124,3205525,0.000958198099763052,16134.9,641420,BTCUSD_PERP,0.0001
2022-11-21 13:00:00,BTCUSD,0.7344,0.2656,2.7651,3208598,-0.00133387015620912,16146.1,893909,BTCUSD_PERP,0.0001
2022-11-21 12:00:00,BTCUSD,0.734,0.266,2.7594,3204321,-0.00196615430076363,16084.5,349128,BTCUSD_PERP,0.0001
2022-11-21 11:00:00,BTCUSD,0.7343,0.2657,2.7636,3198027,0.00320963821781106,16054.5,295373,BTCUSD_PERP,0.0001
2022-11-21 10:00:00,BTCUSD,0.7345,0.2655,2.7665,3208308,6.85696190725338E-05,16106.1,368639,BTCUSD_PERP,0.0001
2022-11-21 09:00:00,BTCUSD,0.7359,0.2641,2.7864,3208528,-4.26996195592722E-05,16083.1,904895,BTCUSD_PERP,0.0001
2022-11-21 08:00:00,BTCUSD,0.7355,0.2645,2.7807,3208391,-0.0056787450606226,16003.9,472906,BTCUSD_PERP,0.0001
2022-11-21 07:00:00,BTCUSD,0.7334,0.2666,2.7509,3190223,0.00244010991046295,16003.2,964736,BTCUSD_PERP,0.0001
2022-11-21 06:00:00,BTCUSD,0.7345,0.2655,2.7665,3198017,0.00337638941920027,16059.7,525148,BTCUSD_PERP,0.0001
2022-11-21 05:00:00,BTCUSD,0.732,0.268,2.7313,3208833,0.00382925632338171,16193.6,303767,BTCUSD_PERP,0.0001
2022-11-21 04:00:00,BTCUSD,0.7286,0.2714,2.6846,3221144,-0.0157545462504665,16117.2,1660111,BTCUSD_PERP,0.0001
2022-11-21 03:00:00,BTCUSD,0.7266,0.2734,2.6576,3170794,-0.0009042832909536,16044.1,921042,BTCUSD_PERP,0.0001
2022-11-21 02:00:00,BTCUSD,0.728,0.272,2.6765,3167928,-0.00187870024972803,15982.3,1868250,BTCUSD_PERP,0.0001
2022-11-21 01:00:00,BTCUSD,0.7262,0.2738,2.6523,3161982,-0.0060496056516417,16182,393188,BTCUSD_PERP,0.0001
2022-11-21 00:00:00,BTCUSD,0.7281,0.2719,2.6778,3142911,-0.0104173955453444,16239.1,1075179,BTCUSD_PERP,0.0001
2022-11-20 23:00:00,BTCUSD,0.7276,0.2724,2.6711,3110340,-0.00869235009000668,16256.5,649755,BTCUSD_PERP,0.0001
2022-11-20 22:00:00,BTCUSD,0.7213,0.2787,2.5881,3083421,0.00173908607199458,16272.5,772854,BTCUSD_PERP,0.0001
2022-11-20 21:00:00,BTCUSD,0.7177,0.2823,2.5423,3088788,0.00031301878384582,16257.9,1189259,BTCUSD_PERP,0.0001
2022-11-20 20:00:00,BTCUSD,0.717,0.283,2.5336,3089755,-0.000874885595392172,16515,393584,BTCUSD_PERP,0.0001
2022-11-20 19:00:00,BTCUSD,0.7167,0.2833,2.5298,3087053,0.00138968062467093,16563.5,176528,BTCUSD_PERP,0.0001
2022-11-20 18:00:00,BTCUSD,0.7191,0.2809,2.56,3091346,-0.000553633814341481,16561,112493,BTCUSD_PERP,0.0001
2022-11-20 17:00:00,BTCUSD,0.7179,0.2821,2.5448,3089635,-0.000125265359615767,16516.8,116070,BTCUSD_PERP,0.00003459
2022-11-20 16:00:00,BTCUSD,0.7187,0.2813,2.5549,3089248,-0.00131866549190107,16557.1,161136,BTCUSD_PERP,0.00003459
2022-11-20 15:00:00,BTCUSD,0.7182,0.2818,2.5486,3085177,-0.00393001572849094,16550.8,207936,BTCUSD_PERP,0.00003459
2022-11-20 14:00:00,BTCUSD,0.7172,0.2828,2.5361,3073076,-0.00197130403734747,16523.8,147248,BTCUSD_PERP,0.00003459
2022-11-20 13:00:00,BTCUSD,0.716,0.284,2.5211,3067024,-0.0105826157471434,16555.7,285802,BTCUSD_PERP,0.00003459
2022-11-20 12:00:00,BTCUSD,0.7178,0.2822,2.5436,3034738,-0.0052325679654821,16497.1,606166,BTCUSD_PERP,0.00003459
2022-11-20 11:00:00,BTCUSD,0.7211,0.2789,2.5855,3018900,0.0021573981949583,16496,1004693,BTCUSD_PERP,0.00003459
2022-11-20 10:00:00,BTCUSD,0.7232,0.2768,2.6127,3025420,0.000317921838190571,16596.1,254972,BTCUSD_PERP,0.00003459
2022-11-20 09:00:00,BTCUSD,0.7235,0.2765,2.6166,3026382,0.00451729995692318,16600.8,153733,BTCUSD_PERP,0.00001045
2022-11-20 08:00:00,BTCUSD,0.7251,0.2749,2.6377,3040084,0.0011782204187849,16592.3,589821,BTCUSD_PERP,0.00001045
2022-11-20 07:00:00,BTCUSD,0.725,0.275,2.6364,3043668,-0.000391709435479726,16694.6,161824,BTCUSD_PERP,0.00001045
2022-11-20 06:00:00,BTCUSD,0.7252,0.2748,2.639,3042476,0.0034831899942116,16661.8,74448,BTCUSD_PERP,0.00001045
2022-11-20 05:00:00,BTCUSD,0.7261,0.2739,2.651,3053092,0.000701010534861268,16662.2,130891,BTCUSD_PERP,0.00001045
2022-11-20 04:00:00,BTCUSD,0.7254,0.2746,2.6417,3055233,0.000139095919296395,16658.4,104666,BTCUSD_PERP,0.00001045
2022-11-20 03:00:00,BTCUSD,0.7253,0.2747,2.6403,3055658,0.000386748597621889,16653.7,112129,BTCUSD_PERP,0.00001045
2022-11-20 02:00:00,BTCUSD,0.725,0.275,2.6364,3056840,-0.00465252775833136,16659.4,100255,BTCUSD_PERP,0.00001045
2022-11-20 01:00:00,BTCUSD,0.7238,0.2762,2.6206,3042651,0.00285592392610035,16658.6,159780,BTCUSD_PERP,0.00002707
2022-11-20 00:00:00,BTCUSD,0.7215,0.2785,2.5907,3051353,0.000512100641094193,16698.4,119011,BTCUSD_PERP,0.00002707
2022-11-19 23:00:00,BTCUSD,0.7231,0.2769,2.6114,3052916,-0.00350771514785642,16677.4,210993,BTCUSD_PERP,0.00002707
2022-11-19 22:00:00,BTCUSD,0.7216,0.2784,2.592,3042226,0.00359909900910438,16712.6,689896,BTCUSD_PERP,0.00002707
2022-11-19 21:00:00,BTCUSD,0.7237,0.2763,2.6193,3053195,-0.00265057282501857,16656.6,121640,BTCUSD_PERP,0.00002707
2022-11-19 20:00:00,BTCUSD,0.7231,0.2769,2.6114,3045113,-8.7356895667412E-05,16613.2,93961,BTCUSD_PERP,0.00002707
2022-11-19 19:00:00,BTCUSD,0.7239,0.2761,2.6219,3044847,0.000934913606650767,16603.3,78101,BTCUSD_PERP,0.00002707
2022-11-19 18:00:00,BTCUSD,0.7226,0.2774,2.6049,3047695,-0.00289752792521547,16598.6,77963,BTCUSD_PERP,0.00002707
2022-11-19 17:00:00,BTCUSD,0.7213,0.2787,2.5881,3038877,-0.00154551417617732,16588.2,189680,BTCUSD_PERP,0.00001181
2022-11-19 16:00:00,BTCUSD,0.7206,0.2794,2.5791,3034184,0.00029361080369128,16629.1,124167,BTCUSD_PERP,0.00001181
2022-11-19 15:00:00,BTCUSD,0.7226,0.2774,2.6049,3035075,-0.00246128533609991,16631.9,149219,BTCUSD_PERP,0.00001181
2022-11-19 14:00:00,BTCUSD,0.7221,0.2779,2.5984,3027614,0.000376133088840547,16623.2,122255,BTCUSD_PERP,0.00001181
2022-11-19 13:00:00,BTCUSD,0.7214,0.2786,2.5894,3028753,0.00178066531362475,16626,118306,BTCUSD_PERP,0.00001181
2022-11-19 12:00:00,BTCUSD,0.7215,0.2785,2.5907,3034151,0.00161101425643295,16630.6,177641,BTCUSD_PERP,0.00001181
2022-11-19 11:00:00,BTCUSD,0.7227,0.2773,2.6062,3039043,0.000539498010200035,16651.7,116521,BTCUSD_PERP,0.00001181
2022-11-19 10:00:00,BTCUSD,0.7227,0.2773,2.6062,3040683,-0.00213699951694224,16612.4,95009,BTCUSD_PERP,0.00001181
2022-11-19 09:00:00,BTCUSD,0.7229,0.2771,2.6088,3034192,-0.00261928024046121,16609.6,127911,BTCUSD_PERP,0.00003575
2022-11-19 08:00:00,BTCUSD,0.7204,0.2796,2.5765,3026255,-0.00144838181907581,16622,182511,BTCUSD_PERP,0.00003575
2022-11-19 07:00:00,BTCUSD,0.7196,0.2804,2.5663,3021875,-0.00168911965839236,16579.8,101622,BTCUSD_PERP,0.00003575
2022-11-19 06:00:00,BTCUSD,0.7186,0.2814,2.5537,3016775,-0.00171522076163377,16585.6,114735,BTCUSD_PERP,0.00003575
2022-11-19 05:00:00,BTCUSD,0.7189,0.2811,2.5575,3011605,-0.00123532034690221,16579.5,272500,BTCUSD_PERP,0.00003575
2022-11-19 04:00:00,BTCUSD,0.7193,0.2807,2.5625,3007887,0.000859370379687974,16609.1,85354,BTCUSD_PERP,0.00003575
2022-11-19 03:00:00,BTCUSD,0.7189,0.2811,2.5575,3010473,-0.000338874600705807,16600,103660,BTCUSD_PERP,0.00003575
2022-11-19 02:00:00,BTCUSD,0.7179,0.2821,2.5448,3009453,-0.000923850243738755,16599.9,243895,BTCUSD_PERP,0.00003575
2022-11-19 01:00:00,BTCUSD,0.7192,0.2808,2.5613,3006674,0.00294343934444186,16635.3,120332,BTCUSD_PERP,0.00000218
2022-11-19 00:00:00,BTCUSD,0.7196,0.2804,2.5663,3015537,0.00130670735842209,16638.1,140340,BTCUSD_PERP,0.00000218
2022-11-18 23:00:00,BTCUSD,0.7184,0.2816,2.5511,3019480,0.000447990037148571,16672.9,262698,BTCUSD_PERP,0.00000218
2022-11-18 22:00:00,BTCUSD,0.7185,0.2815,2.5524,3020833,-0.000985975678222673,16637.9,136038,BTCUSD_PERP,0.00000218
2022-11-18 21:00:00,BTCUSD,0.717,0.283,2.5336,3017856,0.00123554456085984,16630,150751,BTCUSD_PERP,0.00000218
2022-11-18 20:00:00,BTCUSD,0.7161,0.2839,2.5224,3021587,-0.00298234810165177,16613.2,246558,BTCUSD_PERP,0.00000218
2022-11-18 19:00:00,BTCUSD,0.714,0.286,2.4965,3012589,0.00318321573800162,16631.6,348676,BTCUSD_PERP,0.00000218
2022-11-18 18:00:00,BTCUSD,0.7127,0.2873,2.4807,3022194,0.00113197993968761,16563.1,272334,BTCUSD_PERP,0.00000218
2022-11-18 17:00:00,BTCUSD,0.7138,0.2862,2.4941,3025617,-0.00250013408565053,16574.8,545434,BTCUSD_PERP,-0.00007891
2022-11-18 16:00:00,BTCUSD,0.7132,0.2868,2.4868,3018062,-0.00119386214614181,16628.8,418028,BTCUSD_PERP,-0.00007891
2022-11-18 15:00:00,BTCUSD,0.7128,0.2872,2.4819,3014461,0.00219963107861787,16666.2,522092,BTCUSD_PERP,-0.00007891
2022-11-18 14:00:00,BTCUSD,0.7121,0.2879,2.4734,3021099,0.00393254535228849,16675.6,561025,BTCUSD_PERP,-0.00007891
2022-11-18 13:00:00,BTCUSD,0.7132,0.2868,2.4868,3033003,0.00097776023599927,16730.3,321808,BTCUSD_PERP,-0.00007891
2022-11-18 12:00:00,BTCUSD,0.7117,0.2883,2.4686,3035970,-0.0017525402466454,16752.5,175588,BTCUSD_PERP,-0.00007891
2022-11-18 11:00:00,BTCUSD,0.7111,0.2889,2.4614,3030654,-0.00852183510582805,16727.9,200936,BTCUSD_PERP,-0.00007891
2022-11-18 10:00:00,BTCUSD,0.7087,0.2913,2.4329,3004937,0,16739.1,401035,BTCUSD_PERP,-0.00007891
